系統ｺｰﾄﾞ,路線ｺｰﾄﾞ,方向ｺｰﾄﾞ,系統記号,起点,終点,経由等
0001,00,1,基幹１,栄,星崎,
0001,00,2,基幹１,星崎,栄,
0001,01,1,基幹１,栄,鳴尾車庫,
0001,01,2,基幹１,鳴尾車庫,栄,
0001,02,1,基幹１,栄,笠寺駅,
0001,02,2,基幹１,笠寺駅,栄,
0002,00,1,基幹２,栄,引山,
0002,00,2,基幹２,引山,栄,
0002,01,1,基幹２,名古屋駅,猪高車庫,
0002,01,2,基幹２,猪高車庫,名古屋駅,
0002,02,1,基幹２,栄,四軒家,
0002,02,2,基幹２,四軒家,栄,
6101,00,1,Ｃ－７５８,名古屋駅,名古屋駅,
6201,00,1,深夜１,栄,藤が丘,
6201,00,2,深夜１,藤が丘,栄,
6202,00,1,深夜２,栄,地下鉄高畑,
6202,00,2,深夜２,地下鉄高畑,栄,
0101,00,1,幹名駅１,名古屋駅,上飯田,
0101,00,2,幹名駅１,上飯田,名古屋駅,
0101,01,1,幹名駅１,名古屋駅,大曽根,
0101,01,2,幹名駅１,大曽根,名古屋駅,
0102,00,1,幹名駅２,名古屋駅,東海橋,
0102,00,2,幹名駅２,東海橋,名古屋駅,
0102,01,1,幹名駅２,名古屋駅,野跡駅,
0102,01,2,幹名駅２,野跡駅,名古屋駅,
1011,00,2,名駅１１,名古屋駅,名古屋駅,左回り
1011,01,2,名駅１１,康生通四丁目,名古屋駅,
1012,00,1,名駅１２,名古屋駅,如意車庫前,大野木五丁目経由
1012,00,2,名駅１２,如意車庫前,名古屋駅,大野木五丁目経由
1012,01,1,名駅１２,名古屋駅,如意車庫前,月縄手経由
1012,01,2,名駅１２,如意車庫前,名古屋駅,月縄手経由
1013,00,1,名駅１３,名古屋駅,上飯田,
1013,00,2,名駅１３,上飯田,名古屋駅,
1013,01,1,名駅１３,名古屋駅,中切町,
1013,01,2,名駅１３,中切町,名古屋駅,
1013,02,1,名駅１３,名古屋駅,天神山,
1013,02,2,名駅１３,天神山,名古屋駅,
1014,00,1,名駅１４,名古屋駅,大曽根,
1014,00,2,名駅１４,大曽根,名古屋駅,
1014,01,1,名駅１４,名古屋駅,市役所,
1014,01,2,名駅１４,市役所,名古屋駅,
1015,00,1,名駅１５,名古屋駅,黒川,
1015,00,2,名駅１５,黒川,名古屋駅,
1015,01,1,名駅１５,名古屋駅,浄心町,
1015,01,2,名駅１５,浄心町,名古屋駅,
1015,02,1,名駅１５,名古屋駅,茶屋ケ坂,
1015,02,2,名駅１５,茶屋ケ坂,名古屋駅,
1015,03,1,名駅１５,名古屋駅,西部医療センター,
1015,03,2,名駅１５,西部医療センター,名古屋駅,
1015,04,2,名駅１５,茶屋ケ坂,黒川,
1016,00,2,名駅１６,名古屋駅,名古屋駅,左回り
1016,01,1,名駅１６,名古屋駅,広小路本町,
1017,00,1,名駅１７,名古屋駅,名古屋大学,
1017,00,2,名駅１７,名古屋大学,名古屋駅,
1018,00,1,名駅１８,名古屋駅,名鉄神宮前,
1018,00,2,名駅１８,名鉄神宮前,名古屋駅,
1019,00,1,名駅１９,名古屋駅,港区役所,
1019,00,2,名駅１９,港区役所,名古屋駅,
1020,00,1,名駅２０,名古屋駅,権野,
1020,00,2,名駅２０,権野,名古屋駅,
1020,01,1,名駅２０,名古屋駅,中川車庫前,五月通経由
1020,01,2,名駅２０,中川車庫前,名古屋駅,五月通経由
1020,02,1,名駅２０,名古屋駅,中川車庫前,露橋ｽﾎﾟｰﾂｾﾝﾀｰ経由
1020,02,2,名駅２０,中川車庫前,名古屋駅,露橋ｽﾎﾟｰﾂｾﾝﾀｰ経由
1021,00,1,名駅２１,名古屋駅,稲西車庫,
1021,00,2,名駅２１,稲西車庫,名古屋駅,
1022,00,1,名駅２２,名古屋駅,横井町,
1022,00,2,名駅２２,横井町,名古屋駅,
1023,00,1,名駅２３,名古屋駅,横井町,地下鉄岩塚経由
1023,00,2,名駅２３,横井町,名古屋駅,地下鉄岩塚経由
1023,01,1,名駅２３,名古屋駅,岩塚本通四丁目,
1023,01,2,名駅２３,岩塚本通四丁目,名古屋駅,
1024,00,1,名駅２４,名古屋駅,大治西条,
1024,00,2,名駅２４,大治西条,名古屋駅,
1025,00,1,名駅２５,名古屋駅,名古屋駅,右回り
1025,00,2,名駅２５,名古屋駅,名古屋駅,左回り
1025,02,1,名駅２５,豊公橋,名古屋駅,本陣経由 右回り
1025,03,2,名駅２５,豊公橋,名古屋駅,中島町経由 左回り
1025,04,1,名駅２５,名古屋駅,本陣,大秋町経由
1025,04,2,名駅２５,本陣,名古屋駅,大秋町経由
1026,00,1,名駅２６,名古屋駅,平田住宅,
1026,00,2,名駅２６,平田住宅,名古屋駅,
1029,00,1,名駅２９,名古屋駅,名古屋駅,右回り
1029,00,2,名駅２９,名古屋駅,名古屋駅,左回り
1029,01,2,名駅２９,枇杷島スポーツセンター,名古屋駅,
0111,00,1,幹栄１,栄,如意住宅,
0111,00,2,幹栄１,如意住宅,栄,
0111,01,1,幹栄１,栄,水分橋,
0111,01,2,幹栄１,水分橋,栄,
0111,02,1,幹栄１,黒川,如意住宅,
0111,02,2,幹栄１,如意住宅,黒川,
0111,03,1,幹栄１,黒川,水分橋,
0111,03,2,幹栄１,水分橋,黒川,
0111,04,2,幹栄１,味鋺小学校北,栄,
0111,06,1,幹栄１,西部医療センター,如意住宅,
0111,06,2,幹栄１,如意住宅,西部医療センター,
0111,07,1,幹栄１,西部医療センター,水分橋,
0111,07,2,幹栄１,水分橋,西部医療センター,
0112,00,1,幹栄２,栄,新大正橋西,
0112,00,2,幹栄２,新大正橋西,栄,
0112,01,2,幹栄２,稲葉地町,栄,
1111,00,1,栄１１,栄,如意車庫前,
1111,00,2,栄１１,如意車庫前,栄,
1111,01,1,栄１１,栄,平田住宅,
1111,01,2,栄１１,平田住宅,栄,
1111,02,2,栄１１,中丸町,栄,
1111,05,1,栄１１,栄,如意車庫前,西部医療ｾﾝﾀｰ経由
1111,05,2,栄１１,如意車庫前,栄,西部医療ｾﾝﾀｰ経由
1111,06,1,栄１１,栄,平田住宅,西部医療ｾﾝﾀｰ経由
1111,06,2,栄１１,平田住宅,栄,西部医療ｾﾝﾀｰ経由
1111,07,1,栄１１,栄,如意住宅,西部医療ｾﾝﾀｰ経由
1111,07,2,栄１１,如意住宅,栄,西部医療ｾﾝﾀｰ経由
1112,00,1,栄１２,栄,安井町西,赤塚経由
1112,00,2,栄１２,安井町西,栄,赤塚経由
1113,00,1,栄１３,栄,安井町西,名古屋城正門前経由
1113,00,2,栄１３,安井町西,栄,名古屋城正門前経由
1113,01,2,栄１３,川中,栄,
1114,00,1,栄１４,栄,上飯田,
1114,00,2,栄１４,上飯田,栄,
1115,00,1,栄１５,栄,新守山駅,
1115,00,2,栄１５,新守山駅,栄,
1115,01,1,栄１５,大曽根,新守山駅,
1115,01,2,栄１５,新守山駅,大曽根,
1116,00,1,栄１６,栄,名古屋大学,古井ノ坂経由
1116,00,2,栄１６,名古屋大学,栄,古井ノ坂経由
1117,00,1,栄１７,栄,名古屋大学,吹上経由
1117,00,2,栄１７,名古屋大学,栄,吹上経由
1118,00,1,栄１８,栄,妙見町,
1118,00,2,栄１８,妙見町,栄,
1120,00,1,栄２０,栄,瑞穂運動場東,
1120,00,2,栄２０,瑞穂運動場東,栄,
1120,01,1,栄２０,栄,新瑞橋,
1120,01,2,栄２０,新瑞橋,栄,
1121,00,1,栄２１,栄,泉楽通四丁目,
1121,00,2,栄２１,泉楽通四丁目,栄,
1122,00,1,栄２２,栄,港区役所,
1122,00,2,栄２２,港区役所,栄,
1123,00,1,栄２３,栄,中川車庫前,
1123,00,2,栄２３,中川車庫前,栄,
1123,01,1,栄２３,栄,中川車庫前,地下鉄高畑経由
1123,01,2,栄２３,中川車庫前,栄,地下鉄高畑経由
1124,00,1,栄２４,栄,稲西車庫,
1124,00,2,栄２４,稲西車庫,栄,
1125,00,1,栄２５,栄,名塚中学,
1125,00,2,栄２５,名塚中学,栄,
1125,01,1,栄２５,栄,名西橋,
1125,01,2,栄２５,名西橋,栄,
1125,02,2,栄２５,浄心町,栄,市役所経由
1126,00,1,栄２６,栄,博物館,
1126,00,2,栄２６,博物館,栄,
1127,00,1,栄２７,栄,栄,右回り
1127,00,2,栄２７,栄,栄,左回り
1127,01,1,栄２７,栄,浄心町,名西橋経由 右回り
1127,01,2,栄２７,浄心町,栄,名西橋経由 左回り
1211,00,1,金山１１,金山,池下,
1211,00,2,金山１１,池下,金山,
1211,01,1,金山１１,桜山,池下,
1211,01,2,金山１１,池下,桜山,
1212,00,1,金山１２,金山,妙見町,
1212,00,2,金山１２,妙見町,金山,
1212,01,2,金山１２,金山,金山,
1212,02,1,金山１２,市立大学病院,妙見町,桜山経由 左回り
1212,02,2,金山１２,妙見町,市立大学病院,
1214,00,1,金山１４,金山,瑞穂運動場東,桜山経由
1214,00,2,金山１４,瑞穂運動場東,金山,桜山経由
1214,01,1,金山１４,金山,瑞穂運動場東,豆田町経由
1214,01,2,金山１４,瑞穂運動場東,金山,豆田町経由
1215,00,1,金山１５,金山,瑞穂運動場東,牛巻経由
1215,00,2,金山１５,瑞穂運動場東,金山,牛巻経由
1216,00,1,金山１６,金山,瑞穂運動場東,
1216,00,2,金山１６,瑞穂運動場東,金山,
1218,00,1,金山１８,金山,要町,
1218,00,2,金山１８,要町,金山,
1218,01,1,金山１８,名鉄堀田,要町,
1218,01,2,金山１８,要町,名鉄堀田,
1219,00,1,金山１９,神宮東門,潮見町南,
1219,00,2,金山１９,潮見町南,神宮東門,
1219,01,1,金山１９,金山,ワイルドフラワーガーデン,
1219,01,2,金山１９,ワイルドフラワーガーデン,金山,
1219,02,1,金山１９,神宮東門,ワイルドフラワーガーデン,
1219,02,2,金山１９,ワイルドフラワーガーデン,神宮東門,
1219,03,1,金山１９,中京病院,ワイルドフラワーガーデン,
1219,05,1,金山１９,金山,泉楽通四丁目,
1219,05,2,金山１９,泉楽通四丁目,金山,
1220,00,1,金山２０,金山,権野,
1220,00,2,金山２０,権野,金山,
1221,00,1,金山２１,金山,中川車庫前,
1221,00,2,金山２１,中川車庫前,金山,
1221,01,1,金山２１,金山,地下鉄高畑,
1221,01,2,金山２１,地下鉄高畑,金山,
1222,00,1,金山２２,金山,戸田,
1222,00,2,金山２２,戸田,金山,
1222,01,1,金山２２,金山,中川車庫前,
1222,01,2,金山２２,中川車庫前,金山,
1222,02,1,金山２２,金山,地下鉄高畑,
1222,02,2,金山２２,地下鉄高畑,金山,
1222,03,1,金山２２,地下鉄高畑,戸田,春田駅経由
1222,03,2,金山２２,戸田,地下鉄高畑,八王子町経由
1222,04,1,金山２２,地下鉄高畑,戸田,中川青和高校経由
1222,04,2,金山２２,戸田,地下鉄高畑,中川青和高校経由
1222,06,1,金山２２,地下鉄高畑,中川車庫前,
1222,06,2,金山２２,中川車庫前,地下鉄高畑,
1222,07,1,金山２２,地下鉄高畑,地下鉄高畑,右回り
1222,07,2,金山２２,地下鉄高畑,地下鉄高畑,左回り
1223,00,1,金山２３,金山,戸田荘,
1223,00,2,金山２３,戸田荘,金山,
1223,01,1,金山２３,金山,岩塚本通四丁目,
1223,01,2,金山２３,岩塚本通四丁目,金山,
1223,02,2,金山２３,戸田荘,地下鉄岩塚,
1225,00,1,金山２５,金山,野跡駅,
1225,00,2,金山２５,野跡駅,金山,
1225,01,1,金山２５,金山,港区役所,
1225,01,2,金山２５,港区役所,金山,
1226,00,1,金山２６,金山,金山,右回り
1226,00,2,金山２６,金山,金山,左回り
1226,01,1,金山２６,御器所通,金山,
0131,00,1,幹藤丘１,藤が丘,本地住宅,
0131,00,2,幹藤丘１,本地住宅,藤が丘,
1311,00,1,藤丘１１,藤が丘,名鉄印場,
1311,00,2,藤丘１１,名鉄印場,藤が丘,
1311,01,1,藤丘１１,藤が丘,引山,
1311,01,2,藤丘１１,引山,藤が丘,
1312,00,1,藤丘１２,藤が丘,東谷山フルーツパーク,
1312,00,2,藤丘１２,東谷山フルーツパーク,藤が丘,
1312,01,1,藤丘１２,印場,東谷山フルーツパーク,
1312,02,1,藤丘１２,藤が丘,印場,
1312,03,1,藤丘１２,藤が丘,中志段味,
0141,00,1,幹本郷１,本郷,猪高緑地,
0141,00,2,幹本郷１,猪高緑地,本郷,
0141,01,1,幹本郷１,本郷,本郷,右回り
0141,01,2,幹本郷１,本郷,本郷,左回り
0141,02,1,幹本郷１,本郷,地下鉄平針,
0141,02,2,幹本郷１,地下鉄平針,本郷,
0141,03,2,幹本郷１,極楽,本郷,
1411,00,1,本郷１１,本郷,本地住宅,
1411,00,2,本郷１１,本地住宅,本郷,
1411,01,1,本郷１１,本郷,引山,
1411,01,2,本郷１１,引山,本郷,
1511,00,1,上社１１,上社,上社,右回り
1511,00,2,上社１１,上社,上社,左回り
1511,01,1,上社１１,若葉台,上社,名東図書館経由
1511,01,2,上社１１,上社,若葉台,名東図書館経由
1511,02,1,上社１１,上社,若葉台,じあみ経由
1511,02,2,上社１１,若葉台,上社,じあみ経由
1512,00,1,上社１２,上社,緑ケ丘住宅,小幡経由
1512,00,2,上社１２,緑ケ丘住宅,上社,引山経由
1512,02,1,上社１２,上社,緑ケ丘住宅,緑丘高校経由
1512,02,2,上社１２,緑ケ丘住宅,上社,緑丘高校経由
0161,00,1,幹一社１,一社,引山,
0161,00,2,幹一社１,引山,一社,
0161,01,2,幹一社１,一社,一社,小回り
0161,02,1,幹一社１,一社,猪高車庫,
0161,02,2,幹一社１,猪高車庫,一社,
0161,04,2,幹一社１,猪高車庫,一社,小回り
0161,06,2,幹一社１,一社,一社,大回り
0171,00,1,幹星丘１,星ケ丘,梅森荘,
0171,00,2,幹星丘１,梅森荘,星ケ丘,
0171,01,1,幹星丘１,星ケ丘,東名古屋病院,
0171,01,2,幹星丘１,東名古屋病院,星ケ丘,
0171,02,1,幹星丘１,星ケ丘,星ケ丘,右回り
0171,02,2,幹星丘１,星ケ丘,星ケ丘,左回り
0171,03,2,幹星丘１,高針口,星ケ丘,
0172,00,1,幹星丘２,星ケ丘,地下鉄植田,
0172,00,2,幹星丘２,地下鉄植田,星ケ丘,
0172,01,2,幹星丘２,星ケ丘,星ケ丘,左回り
1711,00,1,星丘１１,星ケ丘,地下鉄自由ケ丘,
1711,00,2,星丘１１,地下鉄自由ケ丘,星ケ丘,
1711,01,1,星丘１１,猪高車庫,地下鉄自由ケ丘,
1711,01,2,星丘１１,地下鉄自由ケ丘,猪高車庫,
1712,00,1,星丘１２,星ケ丘,地下鉄植田,
1712,00,2,星丘１２,地下鉄植田,星ケ丘,
1713,00,1,星丘１３,星ケ丘,杁中,
1713,00,2,星丘１３,杁中,星ケ丘,
1811,00,1,池下１１,池下,猪高車庫,今池経由
1811,00,2,池下１１,猪高車庫,池下,今池経由
1811,01,1,池下１１,池下,猪高車庫,猫洞通経由
1811,01,2,池下１１,猪高車庫,池下,猫洞通経由
1811,02,1,池下１１,池下,猪高車庫,
1811,02,2,池下１１,猪高車庫,池下,
1911,00,1,千種１１,千種駅前,砂田橋,
1911,00,2,千種１１,砂田橋,千種駅前,
1911,01,1,千種１１,千種駅前,大森車庫,
1911,01,2,千種１１,大森車庫,千種駅前,
1913,00,1,千種１３,千種駅前,緑ケ丘住宅,
1913,00,2,千種１３,緑ケ丘住宅,千種駅前,
1913,02,1,千種１３,千種駅前,緑ケ丘住宅,東部医療ｾﾝﾀｰ経由
1913,02,2,千種１３,緑ケ丘住宅,千種駅前,東部医療ｾﾝﾀｰ経由
1913,03,1,千種１３,千種駅前,緑ケ丘住宅,東部医療ｾﾝﾀｰ・西城経由
1913,03,2,千種１３,緑ケ丘住宅,千種駅前,東部医療ｾﾝﾀｰ・西城経由
0201,00,1,幹中村１,中村公園,戸田荘,
0201,00,2,幹中村１,戸田荘,中村公園,
2011,00,1,中村１１,中村公園,横井町,
2011,00,2,中村１１,横井町,中村公園,
2011,01,1,中村１１,中村公園,春田駅,
2011,01,2,中村１１,春田駅,中村公園,
2012,00,1,中村１２,中村公園,服部,
2012,00,2,中村１２,服部,中村公園,
2013,00,1,中村１３,中村公園,稲西車庫,
2013,00,2,中村１３,稲西車庫,中村公園,
2014,00,1,中村１４,中村公園,大治西条,
2014,00,2,中村１４,大治西条,中村公園,
0211,00,1,幹高畑１,地下鉄高畑,多加良浦,
0211,00,2,幹高畑１,多加良浦,地下鉄高畑,
2112,00,1,高畑１２,地下鉄高畑,多加良浦,
2112,00,2,高畑１２,多加良浦,地下鉄高畑,
2113,00,1,高畑１３,八田駅,野跡駅,
2113,00,2,高畑１３,野跡駅,八田駅,
2113,01,1,高畑１３,八田駅,港区役所,
2113,01,2,高畑１３,港区役所,八田駅,
2113,02,2,高畑１３,野跡駅,地下鉄高畑,
2114,00,1,高畑１４,地下鉄高畑,南陽交通広場,
2114,00,2,高畑１４,南陽交通広場,地下鉄高畑,
2115,00,1,高畑１５,八田駅,南陽交通広場,
2115,00,2,高畑１５,南陽交通広場,八田駅,
2115,01,2,高畑１５,権野,八田駅,
2115,02,1,高畑１５,八田駅,南陽交通広場,
2115,02,2,高畑１５,南陽交通広場,八田駅,
2116,00,1,高畑１６,地下鉄高畑,河合小橋,
2116,00,2,高畑１６,河合小橋,地下鉄高畑,
2117,00,1,高畑１７,地下鉄高畑,戸田荘,
2117,00,2,高畑１７,戸田荘,地下鉄高畑,
2118,00,1,高畑１８,港区役所,地下鉄高畑,
2118,00,2,高畑１８,地下鉄高畑,港区役所,
2118,01,1,高畑１８,港区役所,港区役所,右回り
2118,01,2,高畑１８,港区役所,港区役所,左回り
3611,00,1,茶屋１１,茶屋ケ坂,緑ケ丘住宅,
3611,00,2,茶屋１１,緑ケ丘住宅,茶屋ケ坂,
3612,00,1,茶屋１２,池下,猪子石団地,
3612,00,2,茶屋１２,猪子石団地,池下,
3612,01,1,茶屋１２,池下,汁谷東,
3612,01,2,茶屋１２,汁谷東,池下,
3612,02,1,茶屋１２,茶屋ケ坂,猪子石団地,
3612,02,2,茶屋１２,猪子石団地,茶屋ケ坂,
0351,00,1,幹砂田１,池下,大森車庫,清明山経由
0351,00,2,幹砂田１,大森車庫,池下,清明山経由
0351,01,1,幹砂田１,池下,大森車庫,振甫町経由
0351,01,2,幹砂田１,大森車庫,池下,振甫町経由
2211,00,1,曽根１１,大曽根,緑ケ丘住宅,
2211,00,2,曽根１１,緑ケ丘住宅,大曽根,
2211,01,1,曽根１１,大曽根,緑ケ丘住宅,小幡経由
2211,01,2,曽根１１,緑ケ丘住宅,大曽根,小幡経由
2213,00,1,曽根１３,大曽根,如意車庫前,
2213,00,2,曽根１３,如意車庫前,大曽根,
2213,01,1,曽根１３,上飯田,味鋺住宅,
2213,01,2,曽根１３,味鋺住宅,上飯田,
2213,02,1,曽根１３,上飯田,喜惣治一丁目,
2213,02,2,曽根１３,喜惣治一丁目,上飯田,
2213,03,1,曽根１３,上飯田,如意車庫前,
2213,03,2,曽根１３,如意車庫前,上飯田,
2311,00,1,黒川１１,黒川,如意車庫前,
2311,00,2,黒川１１,如意車庫前,黒川,
2311,01,1,黒川１１,黒川,北部市場,
2311,01,2,黒川１１,北部市場,黒川,
2311,02,2,黒川１１,中切町,黒川,
2312,00,1,黒川１２,中切町,博物館,
2312,00,2,黒川１２,博物館,中切町,
2314,00,1,黒川１４,黒川,安井町西,
2314,00,2,黒川１４,安井町西,黒川,
4511,00,2,東海１１,港区役所,港区役所,左回り
4511,01,1,東海１１,港区役所,多加良浦,
4511,01,2,東海１１,多加良浦,港区役所,
4511,02,2,東海１１,南陽交通広場,港区役所,南陽町経由
4512,00,1,東海１２,六番町,河合小橋,
4512,00,2,東海１２,河合小橋,六番町,
4512,01,1,東海１２,港区役所,港区役所,右回り
4512,02,1,東海１２,港区役所,河合小橋,
4512,02,2,東海１２,河合小橋,港区役所,
4512,03,1,東海１２,港区役所,日光川公園,
4512,03,2,東海１２,日光川公園,港区役所,
4512,04,1,東海１２,港区役所,中川車庫前,
4512,04,2,東海１２,中川車庫前,港区役所,
0251,00,1,幹築地１,港区役所,野跡駅,
0251,00,2,幹築地１,野跡駅,港区役所,
0251,01,1,幹築地１,名古屋港,フェリーふ頭,稲永ｽﾎﾟｰﾂｾﾝﾀｰ経由
0251,01,2,幹築地１,フェリーふ頭,名古屋港,稲永ｽﾎﾟｰﾂｾﾝﾀｰ経由
0251,02,1,幹築地１,名古屋港,フェリーふ頭,稲永町経由
0251,02,2,幹築地１,フェリーふ頭,名古屋港,稲永町経由
0251,03,1,幹築地１,名古屋港,野跡駅,
0251,03,2,幹築地１,野跡駅,名古屋港,
2511,00,1,名港１１,名古屋港,鳴尾車庫,
2511,00,2,名港１１,鳴尾車庫,名古屋港,
2513,00,1,名港１３,港区役所,多加良浦,十一屋経由
2513,00,2,名港１３,多加良浦,港区役所,十一屋経由
2513,01,1,名港１３,港区役所,多加良浦,西稲永経由
2513,01,2,名港１３,多加良浦,港区役所,西稲永経由
2516,00,1,名港１６,名古屋港,地下鉄鳴子北,
2516,00,2,名港１６,地下鉄鳴子北,名古屋港,
0321,00,1,幹神宮１,熱田区役所,多加良浦,
0321,00,2,幹神宮１,多加良浦,熱田区役所,
0321,01,1,幹神宮１,熱田区役所,河合小橋,
0321,01,2,幹神宮１,河合小橋,熱田区役所,
0321,02,1,幹神宮１,熱田区役所,中川車庫前,
0321,02,2,幹神宮１,中川車庫前,熱田区役所,
0321,03,2,幹神宮１,明徳橋,熱田区役所,
0322,00,1,幹神宮２,熱田区役所,権野,
0322,00,2,幹神宮２,権野,熱田区役所,
0322,01,1,幹神宮２,六番町,権野,
0322,01,2,幹神宮２,権野,六番町,
0322,02,1,幹神宮２,六番町,中川車庫前,
0322,02,2,幹神宮２,中川車庫前,六番町,
0322,03,1,幹神宮２,熱田区役所,中川車庫前,
0322,03,2,幹神宮２,中川車庫前,熱田区役所,
3211,00,1,神宮１１,名鉄神宮前,相生山住宅,
3211,00,2,神宮１１,相生山住宅,名鉄神宮前,
3211,01,1,神宮１１,名鉄神宮前,島田一ツ山,
3211,01,2,神宮１１,島田一ツ山,名鉄神宮前,
3211,04,1,神宮１１,新瑞橋,島田一ツ山,
3211,04,2,神宮１１,島田一ツ山,新瑞橋,
3212,00,1,神宮１２,神宮東門,鳴尾車庫,大江町経由
3212,00,2,神宮１２,鳴尾車庫,神宮東門,大江町経由
3215,00,1,神宮１５,神宮東門,鳴尾車庫,二条町経由
3215,00,2,神宮１５,鳴尾車庫,神宮東門,二条町経由
3215,01,1,神宮１５,神宮東門,要町,
3215,01,2,神宮１５,要町,神宮東門,
3216,00,1,神宮１６,神宮東門,神宮東門,右回り
3216,00,2,神宮１６,神宮東門,神宮東門,左回り
3216,01,1,神宮１６,神宮東門,笠寺駅,新郊通三丁目経由
3216,01,2,神宮１６,笠寺駅,神宮東門,新郊通三丁目経由
3216,02,1,神宮１６,笠寺駅,神宮東門,道徳通経由
3216,02,2,神宮１６,神宮東門,笠寺駅,道徳通経由
0331,00,1,幹新瑞１,新瑞橋,平針住宅,
0331,00,2,幹新瑞１,平針住宅,新瑞橋,
0331,01,1,幹新瑞１,新瑞橋,島田住宅,
0331,01,2,幹新瑞１,島田住宅,新瑞橋,
3312,00,1,新瑞１２,新瑞橋,地下鉄徳重,
3312,00,2,新瑞１２,地下鉄徳重,新瑞橋,
3313,00,1,新瑞１３,新瑞橋,新瑞橋,右回り
3313,00,2,新瑞１３,新瑞橋,新瑞橋,左回り
3313,01,1,新瑞１３,鳴尾車庫,新瑞橋,柴田経由
3313,01,2,新瑞１３,新瑞橋,鳴尾車庫,柴田経由
3313,02,1,新瑞１３,新瑞橋,鳴尾車庫,笠寺駅経由
3313,02,2,新瑞１３,鳴尾車庫,新瑞橋,笠寺駅経由
3314,00,1,新瑞１４,新瑞橋,ワイルドフラワーガーデン,
3314,00,2,新瑞１４,ワイルドフラワーガーデン,新瑞橋,
3314,01,2,新瑞１４,鳴尾車庫,新瑞橋,船見町経由
3314,02,1,新瑞１４,新瑞橋,大江町,
3314,02,2,新瑞１４,大江町,新瑞橋,
3315,00,1,新瑞１５,新瑞橋,地下鉄鳴子北,
3315,00,2,新瑞１５,地下鉄鳴子北,新瑞橋,
2611,00,1,小田１１,上小田井駅,如意住宅,
2611,00,2,小田１１,如意住宅,上小田井駅,
2611,01,1,小田１１,上小田井駅,如意車庫前,
2611,01,2,小田１１,如意車庫前,上小田井駅,
2611,02,1,小田１１,上小田井駅,大我麻町,
2611,02,2,小田１１,大我麻町,上小田井駅,
2612,00,1,小田１２,平田住宅,平田住宅,右回り
2612,00,2,小田１２,平田住宅,平田住宅,左回り
2612,01,1,小田１２,平田住宅,上小田井駅,
2612,01,2,小田１２,上小田井駅,平田住宅,
2711,00,1,鶴舞１１,鶴舞公園,上飯田,
2711,00,2,鶴舞１１,上飯田,鶴舞公園,
2811,00,1,八事１１,妙見町,平針住宅,
2811,00,2,八事１１,平針住宅,妙見町,
2811,01,1,八事１１,妙見町,島田住宅,
2811,01,2,八事１１,島田住宅,妙見町,
2811,02,1,八事１１,名古屋大学,島田住宅,
2811,02,2,八事１１,島田住宅,名古屋大学,
2812,00,1,八事１２,千種駅前,島田一ツ山,
2812,00,2,八事１２,島田一ツ山,千種駅前,
2812,01,1,八事１２,杁中,島田一ツ山,
2812,01,2,八事１２,島田一ツ山,杁中,
2911,00,1,植田１１,地下鉄植田,地下鉄鳴子北,
2911,00,2,植田１１,地下鉄鳴子北,地下鉄植田,
2911,01,2,植田１１,野並,地下鉄植田,
2912,00,1,植田１２,地下鉄植田,地下鉄植田,右回り
2912,00,2,植田１２,地下鉄植田,地下鉄植田,左回り
2912,01,1,植田１２,地下鉄植田,地下鉄植田,右小回り
2912,01,2,植田１２,地下鉄植田,地下鉄植田,左小回り
2912,02,1,植田１２,地下鉄植田,地下鉄植田,右内小回り
2912,03,1,植田１２,地下鉄植田,地下鉄植田,右大回り
0301,00,1,幹原１,地下鉄原,相生山住宅,
0301,00,2,幹原１,相生山住宅,地下鉄原,
0301,01,1,幹原１,地下鉄原,島田一ツ山,地下鉄相生山経由
0301,01,2,幹原１,島田一ツ山,地下鉄原,地下鉄相生山経由
0301,02,2,幹原１,地下鉄原,地下鉄原,左回り
0301,03,1,幹原１,地下鉄原,島田一ツ山,鳴子みどりケ丘経由
0301,03,2,幹原１,島田一ツ山,地下鉄原,鳴子みどりケ丘経由
3011,00,1,原１１,地下鉄原,地下鉄徳重,
3011,00,2,原１１,地下鉄徳重,地下鉄原,
3012,00,1,原１２,地下鉄原,みどりが丘公園,
3012,00,2,原１２,みどりが丘公園,地下鉄原,
3012,01,1,原１２,地下鉄原,緑車庫,
3012,01,2,原１２,緑車庫,地下鉄原,
3111,00,1,平針１１,地下鉄平針,平針住宅,
3111,00,2,平針１１,平針住宅,地下鉄平針,
3111,01,1,平針１１,地下鉄平針,地下鉄徳重,
3111,01,2,平針１１,地下鉄徳重,地下鉄平針,
3111,02,1,平針１１,地下鉄平針,神の倉,
3111,02,2,平針１１,神の倉,地下鉄平針,
3112,00,1,平針１２,地下鉄平針,地下鉄原,
3112,00,2,平針１２,地下鉄原,地下鉄平針,
3112,02,1,平針１２,平針上ノ池,地下鉄原,
3711,00,1,吹上１１,吹上,大曽根,
3711,00,2,吹上１１,大曽根,吹上,
3711,01,1,吹上１１,御器所通,大曽根,
3711,01,2,吹上１１,大曽根,御器所通,
0381,00,1,幹鳴子１,地下鉄鳴子北,大清水,
0381,00,2,幹鳴子１,大清水,地下鉄鳴子北,
0381,01,1,幹鳴子１,地下鉄鳴子北,地下鉄徳重,
0381,01,2,幹鳴子１,地下鉄徳重,地下鉄鳴子北,
0381,02,1,幹鳴子１,地下鉄鳴子北,地下鉄鳴子北,右回り
3811,00,1,鳴子１１,地下鉄鳴子北,地下鉄植田,
3811,00,2,鳴子１１,地下鉄植田,地下鉄鳴子北,
3812,00,1,鳴子１２,地下鉄鳴子北,太子,
3812,00,2,鳴子１２,太子,地下鉄鳴子北,
3813,00,1,鳴子１３,地下鉄鳴子北,南大高駅,
3813,00,2,鳴子１３,南大高駅,地下鉄鳴子北,
3813,01,1,鳴子１３,地下鉄鳴子北,有松町口無池,
3813,01,2,鳴子１３,有松町口無池,地下鉄鳴子北,
3814,00,1,鳴子１４,地下鉄鳴子北,大高駅,
3814,00,2,鳴子１４,大高駅,地下鉄鳴子北,
3815,00,1,鳴子１５,地下鉄鳴子北,鳴尾車庫,
3815,00,2,鳴子１５,鳴尾車庫,地下鉄鳴子北,
3816,00,1,鳴子１６,地下鉄鳴子北,藤田医科大学病院,
3816,00,2,鳴子１６,藤田医科大学病院,地下鉄鳴子北,
3911,00,1,相生１１,島田住宅,大清水,
3911,00,2,相生１１,大清水,島田住宅,
3911,01,1,相生１１,地下鉄相生山,大清水,
4011,00,1,徳重１１,地下鉄徳重,地下鉄平針,
4011,00,2,徳重１１,地下鉄平針,地下鉄徳重,
4012,00,1,徳重１２,地下鉄徳重,白土,
4012,00,2,徳重１２,白土,地下鉄徳重,
4012,01,1,徳重１２,地下鉄徳重,白土,
4012,01,2,徳重１２,白土,地下鉄徳重,
4012,02,1,徳重１２,地下鉄徳重,緑車庫,
4012,02,2,徳重１２,緑車庫,地下鉄徳重,
4013,00,1,徳重１３,地下鉄徳重,藤田医科大学病院,平手経由
4013,00,2,徳重１３,藤田医科大学病院,地下鉄徳重,平手経由
4013,01,1,徳重１３,地下鉄原,藤田医科大学病院,
4013,01,2,徳重１３,藤田医科大学病院,地下鉄原,
4013,03,2,徳重１３,大清水,地下鉄徳重,平手経由
4014,00,1,徳重１４,地下鉄徳重,名鉄有松,
4014,00,2,徳重１４,名鉄有松,地下鉄徳重,
4111,00,1,鳴海１１,南大高駅,南大高駅,右回り
4111,00,2,鳴海１１,南大高駅,南大高駅,左回り
4112,00,1,鳴海１２,要町,有松町口無池,
4112,00,2,鳴海１２,有松町口無池,要町,
4112,01,1,鳴海１２,南大高駅,有松町口無池,
4112,01,2,鳴海１２,有松町口無池,南大高駅,
4411,00,1,有松１１,名鉄有松,名鉄有松,右回り
4411,00,2,有松１１,名鉄有松,名鉄有松,左回り
4411,01,1,有松１１,名鉄有松,有松町口無池,
4411,01,2,有松１１,有松町口無池,名鉄有松,桶狭間古戦場公園経由
4411,02,1,有松１１,有松町口無池,名鉄有松,愛宕西経由
4413,00,1,有松１３,鳴海団地,太子,
4413,00,2,有松１３,太子,鳴海団地,
4413,01,1,有松１３,鳴海団地,名鉄有松,
4611,00,1,春田１１,春田駅,南陽交通広場,
4611,00,2,春田１１,南陽交通広場,春田駅,
4611,01,1,春田１１,春田駅,南陽交通広場,両茶橋北経由
4611,02,2,春田１１,南陽交通広場,春田駅,両茶橋北経由
4711,00,1,守山１１,新守山駅,上飯田,小幡緑地経由
4711,00,2,守山１１,上飯田,新守山駅,小幡緑地経由
4711,01,1,守山１１,新守山駅,上飯田,瀬古経由
4711,01,2,守山１１,上飯田,新守山駅,瀬古経由
4711,02,1,守山１１,新守山駅,緑ケ丘住宅,
4711,02,2,守山１１,緑ケ丘住宅,新守山駅,
4711,03,1,守山１１,新守山駅,小幡,
4711,03,2,守山１１,小幡,新守山駅,
4811,00,1,小幡１１,本地住宅,新守山駅,
4811,00,2,小幡１１,新守山駅,本地住宅,
4811,01,1,小幡１１,大森車庫,新守山駅,
4811,01,2,小幡１１,新守山駅,大森車庫,
4811,02,1,小幡１１,本地住宅,大森車庫,
4811,02,2,小幡１１,大森車庫,本地住宅,
4811,03,1,小幡１１,本地住宅,小幡,
4911,00,1,志段味１１,志段味交通広場,高蔵寺,
4911,00,2,志段味１１,高蔵寺,志段味交通広場,
9011,00,1,千種巡回,地下鉄自由ケ丘,地下鉄自由ケ丘,右回り
9011,00,2,千種巡回,地下鉄自由ケ丘,地下鉄自由ケ丘,左回り
9021,00,1,東巡回,大曽根,茶屋ケ坂,
9021,00,2,東巡回,茶屋ケ坂,大曽根,
9031,00,1,北巡回,黒川,黒川,右回り
9031,00,2,北巡回,黒川,黒川,左回り
9041,00,1,楠巡回,如意車庫前,如意車庫前,右回り
9041,00,2,楠巡回,如意車庫前,如意車庫前,左回り
9051,00,1,西巡回,栄,栄,右回り
9051,00,2,西巡回,栄,栄,左回り
9061,00,1,山田巡回,如意車庫前,平田住宅,
9061,00,2,山田巡回,平田住宅,如意車庫前,
9071,00,1,中村巡回,本陣,稲西車庫,
9071,00,2,中村巡回,稲西車庫,本陣,
9081,00,1,中巡回,栄,金山,
9081,00,2,中巡回,金山,栄,
9091,00,1,昭和巡回,御器所通,名古屋大学,
9091,00,2,昭和巡回,名古屋大学,御器所通,
9101,00,1,瑞穂巡回,新瑞橋,新瑞橋,右回り
9101,00,2,瑞穂巡回,新瑞橋,新瑞橋,左回り
9111,00,1,熱田巡回,金山,金山,右回り
9111,00,2,熱田巡回,金山,金山,左回り
9121,00,1,中川巡回,地下鉄高畑,地下鉄高畑,右回り
9121,00,2,中川巡回,地下鉄高畑,地下鉄高畑,左回り
9131,00,1,富田巡回,戸田,戸田荘,
9131,00,2,富田巡回,戸田荘,戸田,
9141,00,1,港巡回,港区役所,多加良浦,
9141,00,2,港巡回,多加良浦,港区役所,
9151,00,1,南陽巡回,戸田荘,河合小橋,
9151,00,2,南陽巡回,河合小橋,戸田荘,
9161,00,1,南巡回,神宮東門,神宮東門,右回り
9161,00,2,南巡回,神宮東門,神宮東門,左回り
9171,00,1,守山巡回,新守山駅,上飯田,瓢箪山経由
9171,00,2,守山巡回,上飯田,新守山駅,瓢箪山経由
9171,01,1,守山巡回,新守山駅,上飯田,守山小学校経由
9171,01,2,守山巡回,上飯田,新守山駅,守山小学校経由
9181,00,1,志段味巡回,東谷山フルーツパーク,小幡,
9181,00,2,志段味巡回,小幡,東谷山フルーツパーク,
9191,00,1,徳重巡回,白土,藤田医科大学病院,
9191,00,2,徳重巡回,藤田医科大学病院,白土,
9192,00,1,緑巡回,名鉄有松,藤田医科大学病院,
9192,00,2,緑巡回,藤田医科大学病院,名鉄有松,
9201,00,1,名東巡回,星ケ丘,猪高車庫,
9201,00,2,名東巡回,猪高車庫,星ケ丘,
9211,00,1,天白巡回,地下鉄植田,地下鉄植田,右回り
9211,00,2,天白巡回,地下鉄植田,地下鉄植田,左回り
6303,00,1,ゆとりーとライン,大曽根,志段味交通広場,
6303,00,2,ゆとりーとライン,志段味交通広場,大曽根,
6303,01,1,ゆとりーとライン,大曽根,志段味交通広場,志段味ｻｲｴﾝｽﾊﾟｰｸ経由
6303,01,2,ゆとりーとライン,志段味交通広場,大曽根,志段味ｻｲｴﾝｽﾊﾟｰｸ経由
6303,02,1,ゆとりーとライン,大曽根,小幡緑地,
6303,02,2,ゆとりーとライン,小幡緑地,大曽根,
6303,03,1,ゆとりーとライン,大曽根,高蔵寺,
6303,03,2,ゆとりーとライン,高蔵寺,大曽根,
6303,04,1,ゆとりーとライン,印場,高蔵寺,
6303,04,2,ゆとりーとライン,高蔵寺,印場,
7871,00,1,メーグル,名古屋駅,名古屋駅,
7871,01,1,メーグル,名古屋駅,名古屋駅,短縮ルート
5501,00,1,猪.名,猪高車庫,名古屋大学,
5501,00,2,猪.名,名古屋大学,猪高車庫,
5501,01,1,猪.名,猪高車庫,妙見町,
5501,01,2,猪.名,妙見町,猪高車庫,
5502,00,1,猪.星,猪高車庫,星ケ丘,打越経由
5502,00,2,猪.星,星ケ丘,猪高車庫,打越経由
5502,01,1,猪.星,猪高車庫,星ケ丘,一社経由
5502,02,1,猪.星,猪高車庫,星ケ丘,猫洞通経由
5502,02,2,猪.星,星ケ丘,猪高車庫,猫洞通経由
5505,00,1,森.緑,大森車庫,緑ケ丘住宅,
5505,00,2,森.緑,緑ケ丘住宅,大森車庫,
5505,01,1,森.緑,大森車庫,緑ケ丘住宅,小幡経由
5505,01,2,森.緑,緑ケ丘住宅,大森車庫,小幡経由
5506,00,1,森.新,大森車庫,新守山駅,小幡経由
5506,00,2,森.新,新守山駅,大森車庫,小幡経由
5506,01,1,森.新,大森車庫,新守山駅,大曽根経由
5510,00,1,鳴.ワイ,鳴尾車庫,ワイルドフラワーガーデン,
5510,00,2,鳴.ワイ,ワイルドフラワーガーデン,鳴尾車庫,
5511,00,1,鳴.有,鳴尾車庫,名鉄有松,
5511,00,2,鳴.有,名鉄有松,鳴尾車庫,
5513,00,1,稲.本,稲西車庫,本陣,
5513,00,2,稲.本,本陣,稲西車庫,
5515,00,1,森.郷,大森車庫,本郷,
5515,00,2,森.郷,本郷,大森車庫,
5516,00,1,中.畑,地下鉄高畑,中川車庫前,
5516,00,2,中.畑,中川車庫前,地下鉄高畑,
5518,00,1,地鳴.瑞,地下鉄鳴子北,瑞穂運動場東,
5518,00,2,地鳴.瑞,瑞穂運動場東,地下鉄鳴子北,
5521,00,1,緑.大清,緑車庫,大清水,
5521,00,2,緑.大清,大清水,緑車庫,
5522,00,2,中.地高,中川車庫前,地下鉄高畑,
5523,00,1,緑.地原,緑車庫,地下鉄原,
5524,00,1,中.港,中川車庫前,港区役所,
5524,00,2,中.港,港区役所,中川車庫前,
5525,00,1,印.高,印場,高蔵寺,
5525,00,2,印.高,高蔵寺,印場,
5526,00,1,御.金,御器所通,金山,
5526,00,2,御.金,金山,御器所通,
5527,00,1,森.藤,大森車庫,藤が丘,
5527,00,2,森.藤,藤が丘,大森車庫,
5528,00,1,上.西,上飯田,西部医療センター,
5529,00,1,南.港,南陽中学校,港区役所,
